1.jpg,https://www.example.com/page1.html
2.jpg,https://www.example.com/page2.html
3.jpg,https://www.example.com/page3.html
4.jpg,https://www.example.com/page4.html
5.jpg,https://www.example.com/page5.html
6.jpg,https://www.example.com/page5.html
7.jpg,https://www.example.com/page5.html
8.jpg,https://www.example.com/page5.html
9.jpg,https://www.example.com/page5.html
10.jpg,https://www.example.com/page5.html
11.jpg,https://www.example.com/page5.html
12.jpg,https://www.example.com/page5.html
13.jpg,https://www.example.com/page5.html
14.jpg,https://www.example.com/page5.html
15.jpg,https://www.example.com/page5.html
16.jpg,https://www.example.com/page5.html
17.jpg,https://www.example.com/page5.html
18.jpg,https://www.example.com/page5.html
19.jpg,https://www.example.com/page5.html
20.jpg,https://www.example.com/page5.html
21.jpg,https://www.example.com/page5.html

